,data,loja,produto,quantidade,preco_unitario,faturamento,mes,faturamentoPorLoja
0,2023-07-07,Loja B,Produto M,2.0,365.78,731.56,7,
1,2023-12-05,Loja A,Produto Y,3.0,488.17,1464.51,12,
2,2023-02-21,Loja D,Produto Z,16.0,262.99,4207.84,2,
3,2023-09-19,Loja D,Produto X,9.0,168.25,1514.25,9,
4,2023-08-09,Loja D,Produto K,4.0,399.64,1598.56,8,
5,2023-03-15,Loja E,Produto X,9.323232323232324,142.71,,3,
6,2023-10-29,Loja A,Produto X,4.0,225.1,900.4,10,
7,2023-11-13,Loja E,Produto Z,1.0,48.44,48.44,11,
8,2023-09-30,Loja E,Produto X,14.0,22.42,313.88,9,
9,2023-09-30,Loja A,Produto Y,16.0,481.7,7707.2,9,
10,2023-11-16,Loja A,Produto Y,8.0,419.63,3357.04,11,
11,2023-12-31,Loja A,Produto W,7.0,351.03,2457.21,12,
12,2023-03-26,Loja A,Produto M,3.0,255.17244897959182,,3,
13,2023-01-08,Loja D,Produto K,17.0,94.91,1613.47,1,
14,2023-03-19,Loja C,Produto X,1.0,86.65,86.65,3,
15,2023-07-11,Loja C,Produto X,16.0,132.62,2121.92,7,
16,2023-01-04,Loja A,Produto Z,12.0,279.12,3349.44,1,
17,2023-11-16,Loja C,Produto M,19.0,360.15,6842.849999999999,11,
18,2023-04-17,Loja C,Produto Y,14.0,333.5,4669.0,4,
19,2023-05-17,Loja A,Produto K,6.0,147.17,883.02,5,
20,2023-01-04,Loja C,Produto W,6.0,477.88,2867.2799999999997,1,
21,2023-08-20,Loja E,Produto Y,13.0,371.57,4830.41,8,
22,2023-08-05,Loja B,Produto M,19.0,281.63,5350.97,8,
23,2023-03-15,Loja B,Produto W,8.0,309.74,2477.92,3,
24,2023-04-28,Loja A,Produto Z,2.0,215.6,431.2,4,
25,2023-10-03,Loja D,Produto Z,1.0,255.17244897959182,,10,
26,2023-07-29,Loja A,Produto X,15.0,184.43,2766.4500000000003,7,
27,2023-03-19,Loja D,Produto M,1.0,381.34,381.34,3,
28,2023-11-20,Loja B,Produto K,5.0,17.05,85.25,11,
29,2023-06-26,Loja A,Produto W,16.0,66.88,1070.08,6,
30,2023-11-27,Loja E,Produto Y,19.0,32.54,618.26,11,
31,2023-08-02,Loja C,Produto M,4.0,29.96,119.84,8,
32,2023-05-31,Loja D,Produto M,3.0,429.18,1287.54,5,
33,2023-12-01,Loja C,Produto Z,17.0,354.79,6031.43,12,
34,2023-08-05,Loja C,Produto X,17.0,242.35,4119.95,8,
35,2023-10-18,Loja A,Produto X,12.0,57.94,695.28,10,
36,2023-02-21,Loja C,Produto W,14.0,250.89,3512.46,2,
37,2023-08-13,Loja E,Produto Z,6.0,242.0,1452.0,8,
38,2023-08-13,Loja C,Produto M,3.0,94.87,284.61,8,
39,2023-06-19,Loja A,Produto K,9.0,222.59,2003.31,6,
40,2023-08-13,Loja E,Produto Z,5.0,205.27,1026.3500000000001,8,
41,2023-07-03,Loja B,Produto W,17.0,311.77,5300.09,7,
42,2023-07-18,Loja C,Produto W,14.0,321.2,4496.8,7,
43,2023-08-20,Loja A,Produto Z,3.0,32.2,96.60000000000001,8,
44,2023-01-08,Loja B,Produto W,1.0,193.56,193.56,1,
45,2023-07-03,Loja B,Produto Z,1.0,316.67,316.67,7,
46,2023-01-23,Loja D,Produto Y,3.0,256.54,769.6200000000001,1,
47,2023-03-15,Loja E,Produto Z,18.0,429.68,7734.24,3,
48,2023-09-22,Loja C,Produto Z,10.0,332.76,3327.6,9,
49,2023-05-20,Loja A,Produto W,3.0,89.84,269.52,5,
50,2023-03-04,Loja D,Produto W,8.0,44.58,356.64,3,
51,2023-01-12,Loja E,Produto X,14.0,324.79,4547.06,1,
52,2023-11-20,Loja D,Produto X,18.0,22.99,413.82,11,
53,2023-08-05,Loja E,Produto Y,15.0,297.03,4455.45,8,
54,2023-02-17,Loja E,Produto X,2.0,470.71,941.42,2,
55,2023-01-30,Loja C,Produto Z,10.0,291.98,2919.8,1,
56,2023-11-24,Loja E,Produto W,2.0,200.2,400.4,11,
57,2023-07-11,Loja D,Produto X,17.0,325.21,5528.57,7,
58,2023-01-04,Loja E,Produto X,8.0,234.54,1876.32,1,
59,2023-11-02,Loja C,Produto Y,1.0,277.35,277.35,11,
60,2023-12-01,Loja C,Produto M,9.0,471.32,4241.88,12,
61,2023-08-05,Loja D,Produto Y,11.0,199.19,2191.09,8,
62,2023-09-15,Loja B,Produto Z,16.0,480.98,7695.68,9,
63,2023-06-08,Loja B,Produto W,7.0,453.62,3175.34,6,
64,2023-01-26,Loja E,Produto Y,10.0,105.94,1059.4,1,
65,2023-06-19,Loja A,Produto X,3.0,43.99,131.97,6,
66,2023-05-06,Loja E,Produto W,18.0,59.38,1068.8400000000001,5,
67,2023-10-11,Loja D,Produto W,13.0,18.93,246.09,10,
68,2023-10-22,Loja D,Produto X,7.0,56.28,393.96000000000004,10,
69,2023-05-09,Loja D,Produto Y,4.0,344.67,1378.68,5,
70,2023-06-30,Loja D,Produto X,13.0,44.88,583.44,6,
71,2023-01-12,Loja D,Produto M,1.0,166.3,166.3,1,
72,2023-01-04,Loja C,Produto W,8.0,423.99,3391.92,1,
73,2023-01-19,Loja B,Produto K,14.0,21.4,299.59999999999997,1,
74,2023-07-14,Loja D,Produto K,16.0,409.09,6545.44,7,
75,2023-01-12,Loja A,Produto Z,14.0,148.11,2073.54,1,
76,2023-07-14,Loja A,Produto X,12.0,67.9,814.8000000000001,7,
77,2023-12-05,Loja A,Produto X,19.0,351.4,6676.599999999999,12,
78,2023-08-16,Loja A,Produto Z,15.0,318.18,4772.7,8,
79,2023-03-04,Loja C,Produto Z,2.0,439.96,879.92,3,
80,2023-11-24,Loja A,Produto Z,2.0,370.18,740.36,11,
81,2023-06-08,Loja D,Produto W,19.0,403.71,7670.49,6,
82,2023-05-02,Loja E,Produto M,17.0,148.2,2519.3999999999996,5,
83,2023-09-26,Loja A,Produto X,10.0,96.95,969.5,9,
84,2023-08-13,Loja C,Produto W,6.0,377.8,2266.8,8,
85,2023-12-31,Loja C,Produto Z,15.0,405.35,6080.25,12,
86,2023-02-17,Loja A,Produto X,11.0,495.35,5448.85,2,
87,2023-12-12,Loja E,Produto W,5.0,212.18,1060.9,12,
88,2023-06-22,Loja A,Produto M,1.0,192.29,192.29,6,
89,2023-02-21,Loja C,Produto W,8.0,390.44,3123.52,2,
90,2023-09-19,Loja B,Produto M,12.0,176.99,2123.88,9,
91,2023-10-11,Loja D,Produto Z,12.0,466.07,5592.84,10,
92,2023-11-13,Loja C,Produto M,5.0,430.62,2153.1,11,
93,2023-08-13,Loja A,Produto X,7.0,220.21,1541.47,8,
94,2023-05-24,Loja D,Produto Z,4.0,377.93,1511.72,5,
95,2023-11-05,Loja A,Produto X,6.0,379.73,2278.38,11,
96,2023-10-18,Loja A,Produto K,13.0,60.53,786.89,10,
97,2023-10-25,Loja B,Produto Y,15.0,452.25,6783.75,10,
98,2023-07-11,Loja D,Produto M,3.0,257.57,772.71,7,
99,2023-03-26,Loja D,Produto Y,8.0,414.96,3319.68,3,
