data,loja,produto,quantidade,preco_unitario
2023-07-07,Loja B,Produto M,2,365.78
2023-12-05,Loja A,Produto Y,3,488.17
2023-02-21,Loja D,Produto Z,16,262.99
2023-09-19,Loja D,Produto X,9,168.25
2023-08-09,Loja D,Produto K,4,399.64
2023-03-15,Loja E,Produto X,,142.71
2023-10-29,Loja A,Produto X,4,225.1
2023-11-13,Loja E,Produto Z,1,48.44
2023-09-30,Loja E,Produto X,14,22.42
2023-09-30,Loja A,Produto Y,16,481.7
2023-11-16,Loja A,Produto Y,8,419.63
2023-12-31,Loja A,Produto W,7,351.03
2023-03-26,Loja A,Produto M,3,
2023-01-08,Loja D,Produto K,17,94.91
2023-03-19,Loja C,Produto X,1,86.65
2023-07-11,Loja C,Produto X,16,132.62
2023-01-04,Loja A,Produto Z,12,279.12
2023-11-16,Loja C,Produto M,19,360.15
2023-04-17,Loja C,Produto Y,14,333.5
2023-05-17,Loja A,Produto K,6,147.17
2023-01-04,Loja C,Produto W,6,477.88
2023-08-20,Loja E,Produto Y,13,371.57
2023-08-05,Loja B,Produto M,19,281.63
2023-03-15,Loja B,Produto W,8,309.74
2023-04-28,Loja A,Produto Z,2,215.6
2023-10-03,Loja D,Produto Z,1,
2023-07-29,Loja A,Produto X,15,184.43
2023-03-19,Loja D,Produto M,1,381.34
2023-11-20,Loja B,Produto K,5,17.05
2023-06-26,Loja A,Produto W,16,66.88
2023-11-27,Loja E,Produto Y,19,32.54
2023-08-02,Loja C,Produto M,4,29.96
2023-05-31,Loja D,Produto M,3,429.18
2023-12-01,Loja C,Produto Z,17,354.79
2023-08-05,Loja C,Produto X,17,242.35
2023-10-18,Loja A,Produto X,12,57.94
2023-02-21,Loja C,Produto W,14,250.89
2023-08-13,Loja E,Produto Z,6,242.0
2023-08-13,Loja C,Produto M,3,94.87
2023-06-19,Loja A,Produto K,9,222.59
2023-08-13,Loja E,Produto Z,5,205.27
2023-07-03,Loja B,Produto W,17,311.77
2023-07-18,Loja C,Produto W,14,321.2
2023-08-20,Loja A,Produto Z,3,32.2
2023-01-08,Loja B,Produto W,1,193.56
2023-07-03,Loja B,Produto Z,1,316.67
2023-01-23,Loja D,Produto Y,3,256.54
2023-03-15,Loja E,Produto Z,18,429.68
2023-09-22,Loja C,Produto Z,10,332.76
2023-05-20,Loja A,Produto W,3,89.84
2023-03-04,Loja D,Produto W,8,44.58
2023-01-12,Loja E,Produto X,14,324.79
2023-11-20,Loja D,Produto X,18,22.99
2023-08-05,Loja E,Produto Y,15,297.03
2023-02-17,Loja E,Produto X,2,470.71
2023-01-30,Loja C,Produto Z,10,291.98
2023-11-24,Loja E,Produto W,2,200.2
2023-07-11,Loja D,Produto X,17,325.21
2023-01-04,Loja E,Produto X,8,234.54
2023-11-02,Loja C,Produto Y,1,277.35
2023-12-01,Loja C,Produto M,9,471.32
2023-08-05,Loja D,Produto Y,11,199.19
2023-09-15,Loja B,Produto Z,16,480.98
2023-06-08,Loja B,Produto W,7,453.62
2023-01-26,Loja E,Produto Y,10,105.94
2023-06-19,Loja A,Produto X,3,43.99
2023-05-06,Loja E,Produto W,18,59.38
2023-10-11,Loja D,Produto W,13,18.93
2023-10-22,Loja D,Produto X,7,56.28
2023-05-09,Loja D,Produto Y,4,344.67
2023-06-30,Loja D,Produto X,13,44.88
2023-01-12,Loja D,Produto M,1,166.3
2023-01-04,Loja C,Produto W,8,423.99
2023-01-19,Loja B,Produto K,14,21.4
2023-07-14,Loja D,Produto K,16,409.09
2023-01-12,Loja A,Produto Z,14,148.11
2023-07-14,Loja A,Produto X,12,67.9
2023-12-05,Loja A,Produto X,19,351.4
2023-08-16,Loja A,Produto Z,15,318.18
2023-03-04,Loja C,Produto Z,2,439.96
2023-11-24,Loja A,Produto Z,2,370.18
2023-06-08,Loja D,Produto W,19,403.71
2023-05-02,Loja E,Produto M,17,148.2
2023-09-26,Loja A,Produto X,10,96.95
2023-08-13,Loja C,Produto W,6,377.8
2023-12-31,Loja C,Produto Z,15,405.35
2023-02-17,Loja A,Produto X,11,495.35
2023-12-12,Loja E,Produto W,5,212.18
2023-06-22,Loja A,Produto M,1,192.29
2023-02-21,Loja C,Produto W,8,390.44
2023-09-19,Loja B,Produto M,12,176.99
2023-10-11,Loja D,Produto Z,12,466.07
2023-11-13,Loja C,Produto M,5,430.62
2023-08-13,Loja A,Produto X,7,220.21
2023-05-24,Loja D,Produto Z,4,377.93
2023-11-05,Loja A,Produto X,6,379.73
2023-10-18,Loja A,Produto K,13,60.53
2023-10-25,Loja B,Produto Y,15,452.25
2023-07-11,Loja D,Produto M,3,257.57
2023-03-26,Loja D,Produto Y,8,414.96
